arm,seed,last_logged_gold,first_logged_teacher,first_logged_own,first_logged_pown075,last_pown,last_lr,actual_steps
base,0,1500,1550,2350,3150,0.75,,3745
base,1,1500,1550,2350,3150,0.75,,3745
base,2,1500,1550,2350,3150,0.75,,3745
base,3,1500,1550,2350,3150,0.75,,3745
base,4,1500,1550,2350,3150,0.75,,3745
nostep,0,1500,1550,2350,3150,0.75,,3745
nostep,1,1500,1550,2350,3150,0.75,,3745
nostep,2,1500,1550,2350,3150,0.75,,3745
nostep,3,1500,1550,2350,3150,0.75,,3745
nostep,4,1500,1550,2350,3150,0.75,,3745
ordered,0,1500,1550,2350,3150,0.75,,3745
ordered,1,1500,1550,2350,3150,0.75,,3745
ordered,2,1500,1550,2350,3150,0.75,,3745
ordered,3,1500,1550,2350,3150,0.75,,3745
ordered,4,1500,1550,2350,3150,0.75,,3745
cool,0,1500,1550,2350,3150,0.75,0.00029200000000000005,3745
cool,1,1500,1550,2350,3150,0.75,0.00029200000000000005,3745
cool,2,1500,1550,2350,3150,0.75,0.00029200000000000005,3745
cool,3,1500,1550,2350,3150,0.75,0.00029200000000000005,3745
cool,4,1500,1550,2350,3150,0.75,0.00029200000000000005,3745
base6,0,1450,1500,2300,3150,0.75,0.001,3744
base6,1,1450,1500,2300,3150,0.75,0.001,3744
base6,2,1450,1500,2300,3150,0.75,0.001,3744
base6,3,1450,1500,2300,3150,0.75,0.001,3744
base6,4,1450,1500,2300,3150,0.75,0.001,3744
ordered6,0,1450,1500,2300,3150,0.75,0.001,3744
ordered6,1,1450,1500,2300,3150,0.75,0.001,3744
ordered6,2,1450,1500,2300,3150,0.75,0.001,3744
ordered6,3,1450,1500,2300,3150,0.75,0.001,3744
ordered6,4,1450,1500,2300,3150,0.75,0.001,3744
long,0,1850,1900,2850,3800,0.75,0.001,12251
long,1,1850,1900,2850,3800,0.75,0.001,12250
long,2,1850,1900,2850,3800,0.75,0.001,12250
long,3,1850,1900,2850,3800,0.75,0.001,12250
long,4,1850,1900,2850,3800,0.75,0.001,12250
relcut,0,1500,1550,2350,3150,0.75,0.001,3745
relcut,1,1500,1550,2350,3150,0.75,0.001,3745
relcut,2,1500,1550,2350,3150,0.75,0.001,3745
relcut,3,1500,1550,2350,3150,0.75,0.001,3745
relcut,4,1500,1550,2350,3150,0.75,0.001,3745
relcutlong,0,1850,1900,2850,3800,0.75,0.001,12251
relcutlong,1,1850,1900,2850,3800,0.75,0.001,12250
relcutlong,2,1850,1900,2850,3800,0.75,0.001,12250
relcutlong,3,1850,1900,2850,3800,0.75,0.001,12250
relcutlong,4,1850,1900,2850,3800,0.75,0.001,12251
