n_per_arm,p_control,p_treatment,power
40,0.7,0.95,0.820704631735946
40,0.7,0.9,0.5339896594125755
40,0.8,0.95,0.41144212244869477
40,0.9,0.97,0.07990054519151754
60,0.7,0.95,0.9515443307297052
60,0.7,0.9,0.7299023189847594
60,0.8,0.95,0.6268165344103949
60,0.9,0.97,0.19058796651741086
80,0.7,0.95,0.9899428980894182
80,0.7,0.9,0.8666887283438444
80,0.8,0.95,0.7931621235915737
80,0.9,0.97,0.31044022627158935
100,0.7,0.95,0.998137584903586
100,0.7,0.9,0.9345947871047999
100,0.8,0.95,0.8825337675550781
100,0.9,0.97,0.4235586340549203
120,0.7,0.95,0.9996301309999608
120,0.7,0.9,0.9690321758630873
120,0.8,0.95,0.9346736540818901
120,0.9,0.97,0.4946931308447118
160,0.7,0.95,0.9999904059638415
160,0.7,0.9,0.9941984474544384
160,0.8,0.95,0.9833527539874263
160,0.9,0.97,0.6637903048313983
