n,null_accuracy,alpha_per_cell,minimum_correct,true_accuracy,probability_clears_cell
2048,0.95,0.008333333333333333,1969,0.97,0.9880752282421578
2048,0.95,0.008333333333333333,1969,0.98,0.9999999697649331
2048,0.95,0.008333333333333333,1969,0.99,0.9999999999997947
2048,0.9,0.008333333333333333,1876,0.92,0.7614919443651631
2048,0.9,0.008333333333333333,1876,0.93,0.9931061854850474
2048,0.9,0.008333333333333333,1876,0.95,0.9999999999639421
1024,0.9,0.008333333333333333,945,0.92,0.3959755320455002
1024,0.9,0.008333333333333333,945,0.93,0.8313737952164463
1024,0.9,0.008333333333333333,945,0.95,0.9999238363389616
