turns_done,wall_s,window_turns_per_s,rss_kb,nb_bytes,p50_ms,p99_ms,restarts_done,last_boot_s,last_verify_s,last_restart_kind
1000,22.3,15.65,204512,557856,64.64,74.85,0,0.785,-1.0,
2000,45.3,14.52,206192,992831,68.5,82.42,0,0.785,-1.0,
3000,69.7,13.76,207664,1365519,72.38,96.77,0,0.785,-1.0,
4000,95.8,13.07,218112,1703127,76.16,94.72,1,0.807,0.024,kill
5000,123.2,12.22,218768,2009995,81.99,99.0,1,0.807,0.024,kill
6000,153.6,11.23,222224,2298757,89.1,108.84,2,0.93,0.025,kill
7000,186.5,10.48,224544,2583332,94.33,122.99,3,0.92,0.028,graceful
8000,219.9,10.04,225568,2864482,96.84,154.31,3,0.92,0.028,graceful
9000,253.7,10.12,229488,3141127,97.86,129.1,4,0.856,0.037,graceful
10000,287.5,9.89,231088,3417910,99.01,136.65,4,0.856,0.037,graceful
11000,322.9,9.44,232032,3687215,104.09,154.4,4,0.856,0.037,graceful
12000,360.5,8.92,233776,3954994,110.83,155.25,4,0.856,0.037,graceful
13000,398.6,8.94,241104,4223982,109.93,159.34,5,0.829,0.042,graceful
14000,438.4,8.4,242112,4492146,114.96,166.17,5,0.829,0.042,graceful
15000,478.7,8.3,242880,4768061,118.38,188.14,5,0.829,0.042,graceful
16000,522.8,7.57,235696,5038356,129.37,193.25,5,0.829,0.042,graceful
17000,570.6,7.01,237168,5299719,137.32,287.49,5,0.829,0.042,graceful
18000,618.3,7.1,252416,5564421,135.85,217.38,6,0.904,0.055,kill
19000,673.7,6.25,254816,5835138,154.55,243.1,8,1.073,0.064,kill
20000,782.4,3.07,256192,6100768,227.64,1096.26,8,1.073,0.064,kill
