seed	arm	condition	id	expected	emitted_saved_map_value	emitted_numeric_ID	executed_operation	executed_operands	calculator_value	calculator_numeric_ID	outcome
1	contextual	control	inventory-01-add	61	70	2476	ADD	46,15	61	5441	correct_call_wrong_final
1	contextual	control	inventory-01-sub	31	27	2142	SUB	46,15	31	2999	correct_call_wrong_final
1	contextual	control	inventory-02-add	79	79	4739	ADD	58,21	79	4739	correct
1	contextual	control	inventory-02-sub	37	79	4739	ADD	58,21	79	4739	wrong_call_wrong_final
1	contextual	control	inventory-03-add	52	25	1698	NONE		None	None	wrong_call_wrong_final
1	contextual	control	inventory-03-sub	24	31	2999	SUB	38,14	24	1826	correct_call_wrong_final
1	contextual	control	inventory-04-add	97	77	3556	ADD	72,25	97	4170	correct_call_wrong_final
1	contextual	control	inventory-04-sub	47	77	3556	ADD	72,25	97	4170	wrong_call_wrong_final
1	contextual	control	relational-01-add	85	42	4344	SUB	63,22	41	4536	wrong_call_wrong_final
1	contextual	control	relational-01-sub	41	42	4344	SUB	63,22	41	4536	correct_call_wrong_final
1	contextual	control	relational-02-add	70	44	3337	SUB	51,19	32	2925	wrong_call_wrong_final
1	contextual	control	relational-02-sub	32	44	3337	SUB	51,19	32	2925	correct_call_wrong_final
1	contextual	control	relational-03-add	97	42	4344	SUB	69,28	41	4536	wrong_call_wrong_final
1	contextual	control	relational-03-sub	41	42	4344	SUB	69,28	41	4536	correct_call_wrong_final
1	contextual	control	relational-04-add	62	42	4344	SUB	47,15	32	2925	wrong_call_wrong_final
1	contextual	control	relational-04-sub	32	42	4344	SUB	47,15	32	2925	correct_call_wrong_final
1	contextual	low_lr	inventory-01-add	61	70	2476	ADD	46,15	61	5441	correct_call_wrong_final
1	contextual	low_lr	inventory-01-sub	31	31	2999	SUB	46,15	31	2999	correct
1	contextual	low_lr	inventory-02-add	79	79	4739	ADD	58,21	79	4739	correct
1	contextual	low_lr	inventory-02-sub	37	79	4739	ADD	58,21	79	4739	wrong_call_wrong_final
1	contextual	low_lr	inventory-03-add	52	27	2142	SUB	38,14	24	1826	wrong_call_wrong_final
1	contextual	low_lr	inventory-03-sub	24	25	1698	SUB	38,38	None	None	wrong_call_wrong_final
1	contextual	low_lr	inventory-04-add	97	77	3556	ADD	72,25	97	4170	correct_call_wrong_final
1	contextual	low_lr	inventory-04-sub	47	70	2476	SUB	72,25	47	3745	correct_call_wrong_final
1	contextual	low_lr	relational-01-add	85	42	4344	SUB	63,22	41	4536	wrong_call_wrong_final
1	contextual	low_lr	relational-01-sub	41	44	3337	SUB	63,22	41	4536	correct_call_wrong_final
1	contextual	low_lr	relational-02-add	70	44	3337	SUB	51,19	32	2925	wrong_call_wrong_final
1	contextual	low_lr	relational-02-sub	32	42	4344	SUB	51,19	32	2925	correct_call_wrong_final
1	contextual	low_lr	relational-03-add	97	44	3337	SUB	69,28	41	4536	wrong_call_wrong_final
1	contextual	low_lr	relational-03-sub	41	42	4344	SUB	69,28	41	4536	correct_call_wrong_final
1	contextual	low_lr	relational-04-add	62	42	4344	SUB	47,15	32	2925	wrong_call_wrong_final
1	contextual	low_lr	relational-04-sub	32	42	4344	SUB	47,15	32	2925	correct_call_wrong_final
0	static	control	inventory-01-add	61	78	2775	ADD	46,15	61	5441	correct_call_wrong_final
0	static	control	inventory-01-sub	31	31	2999	SUB	46,15	31	2999	correct
0	static	control	inventory-02-add	79	83	9865	ADD	58,21	79	4739	correct_call_wrong_final
0	static	control	inventory-02-sub	37	31	2999	SUB	58,21	37	3092	correct_call_wrong_final
0	static	control	inventory-03-add	52	84	9458	ADD	38,14	52	7058	correct_call_wrong_final
0	static	control	inventory-03-sub	24	25	1698	SUB	38,14	24	1826	correct_call_wrong_final
0	static	control	inventory-04-add	97	77	3556	ADD	25,72	97	4170	correct_call_wrong_final
0	static	control	inventory-04-sub	47	31	2999	SUB	25,72	None	None	wrong_call_wrong_final
0	static	control	relational-01-add	85	44	3337	SUB	63,22	41	4536	wrong_call_wrong_final
0	static	control	relational-01-sub	41	46	4195	SUB	63,22	41	4536	correct_call_wrong_final
0	static	control	relational-02-add	70	32	2925	SUB	51,19	32	2925	wrong_call_wrong_final
0	static	control	relational-02-sub	32	32	2925	SUB	51,19	32	2925	correct
0	static	control	relational-03-add	97	44	3337	SUB	69,28	41	4536	wrong_call_wrong_final
0	static	control	relational-03-sub	41	44	3337	SUB	69,28	41	4536	correct_call_wrong_final
0	static	control	relational-04-add	62	32	2925	SUB	47,15	32	2925	wrong_call_wrong_final
0	static	control	relational-04-sub	32	72	8333	SUB	47,15	32	2925	correct_call_wrong_final
0	static	low_lr	inventory-01-add	61	78	2775	ADD	46,15	61	5441	correct_call_wrong_final
0	static	low_lr	inventory-01-sub	31	31	2999	SUB	46,15	31	2999	correct
0	static	low_lr	inventory-02-add	79	83	9865	ADD	58,21	79	4739	correct_call_wrong_final
0	static	low_lr	inventory-02-sub	37	31	2999	SUB	58,21	37	3092	correct_call_wrong_final
0	static	low_lr	inventory-03-add	52	84	9458	ADD	38,14	52	7058	correct_call_wrong_final
0	static	low_lr	inventory-03-sub	24	25	1698	SUB	38,14	24	1826	correct_call_wrong_final
0	static	low_lr	inventory-04-add	97	77	3556	ADD	25,72	97	4170	correct_call_wrong_final
0	static	low_lr	inventory-04-sub	47	31	2999	SUB	25,72	None	None	wrong_call_wrong_final
0	static	low_lr	relational-01-add	85	44	3337	SUB	63,22	41	4536	wrong_call_wrong_final
0	static	low_lr	relational-01-sub	41	46	4195	SUB	63,22	41	4536	correct_call_wrong_final
0	static	low_lr	relational-02-add	70	32	2925	SUB	51,19	32	2925	wrong_call_wrong_final
0	static	low_lr	relational-02-sub	32	32	2925	SUB	51,19	32	2925	correct
0	static	low_lr	relational-03-add	97	44	3337	SUB	69,28	41	4536	wrong_call_wrong_final
0	static	low_lr	relational-03-sub	41	44	3337	SUB	69,28	41	4536	correct_call_wrong_final
0	static	low_lr	relational-04-add	62	32	2925	SUB	47,15	32	2925	wrong_call_wrong_final
0	static	low_lr	relational-04-sub	32	72	8333	SUB	47,15	32	2925	correct_call_wrong_final
0	contextual	control	inventory-01-add	61	71	9461	ADD	46,15	61	5441	correct_call_wrong_final
0	contextual	control	inventory-01-sub	31	31	2999	SUB	46,15	31	2999	correct
0	contextual	control	inventory-02-add	79	79	4739	ADD	58,21	79	4739	correct
0	contextual	control	inventory-02-sub	37	52	7058	SUB	58,21	37	3092	correct_call_wrong_final
0	contextual	control	inventory-03-add	52	52	7058	ADD	38,14	52	7058	correct
0	contextual	control	inventory-03-sub	24	41	4536	SUB	38,14	24	1826	correct_call_wrong_final
0	contextual	control	inventory-04-add	97	57	5489	ADD	72,25	97	4170	correct_call_wrong_final
0	contextual	control	inventory-04-sub	47	72	8333	SUB	72,25	47	3745	correct_call_wrong_final
0	contextual	control	relational-01-add	85	22	2019	SUB	63,22	41	4536	wrong_call_wrong_final
0	contextual	control	relational-01-sub	41	15	1386	SUB	63,22	41	4536	correct_call_wrong_final
0	contextual	control	relational-02-add	70	41	4536	SUB	51,19	32	2925	wrong_call_wrong_final
0	contextual	control	relational-02-sub	32	27	2142	SUB	51,19	32	2925	correct_call_wrong_final
0	contextual	control	relational-03-add	97	22	2019	SUB	69,28	41	4536	wrong_call_wrong_final
0	contextual	control	relational-03-sub	41	22	2019	SUB	69,28	41	4536	correct_call_wrong_final
0	contextual	control	relational-04-add	62	27	2142	SUB	47,15	32	2925	wrong_call_wrong_final
0	contextual	control	relational-04-sub	32	52	7058	ADD	47,15	62	5370	wrong_call_wrong_final
0	contextual	low_lr	inventory-01-add	61	71	9461	ADD	46,15	61	5441	correct_call_wrong_final
0	contextual	low_lr	inventory-01-sub	31	31	2999	SUB	46,15	31	2999	correct
0	contextual	low_lr	inventory-02-add	79	79	4739	ADD	58,21	79	4739	correct
0	contextual	low_lr	inventory-02-sub	37	52	7058	SUB	58,21	37	3092	correct_call_wrong_final
0	contextual	low_lr	inventory-03-add	52	52	7058	ADD	38,14	52	7058	correct
0	contextual	low_lr	inventory-03-sub	24	41	4536	SUB	38,14	24	1826	correct_call_wrong_final
0	contextual	low_lr	inventory-04-add	97	57	5489	ADD	72,25	97	4170	correct_call_wrong_final
0	contextual	low_lr	inventory-04-sub	47	72	8333	SUB	72,25	47	3745	correct_call_wrong_final
0	contextual	low_lr	relational-01-add	85	22	2019	SUB	63,22	41	4536	wrong_call_wrong_final
0	contextual	low_lr	relational-01-sub	41	15	1386	SUB	63,22	41	4536	correct_call_wrong_final
0	contextual	low_lr	relational-02-add	70	41	4536	SUB	51,19	32	2925	wrong_call_wrong_final
0	contextual	low_lr	relational-02-sub	32	27	2142	SUB	51,19	32	2925	correct_call_wrong_final
0	contextual	low_lr	relational-03-add	97	22	2019	SUB	69,28	41	4536	wrong_call_wrong_final
0	contextual	low_lr	relational-03-sub	41	22	2019	SUB	69,28	41	4536	correct_call_wrong_final
0	contextual	low_lr	relational-04-add	62	27	2142	SUB	47,15	32	2925	wrong_call_wrong_final
0	contextual	low_lr	relational-04-sub	32	51	7144	ADD	47,15	62	5370	wrong_call_wrong_final
1	static	control	inventory-01-add	61	67	3375	ADD	46,15	61	5441	correct_call_wrong_final
1	static	control	inventory-01-sub	31	55	3878	SUB	46,15	31	2999	correct_call_wrong_final
1	static	control	inventory-02-add	79	67	3375	ADD	58,21	79	4739	correct_call_wrong_final
1	static	control	inventory-02-sub	37	25	1698	SUB	58,21	37	3092	correct_call_wrong_final
1	static	control	inventory-03-add	52	82	9693	ADD	38,14	52	7058	correct_call_wrong_final
1	static	control	inventory-03-sub	24	42	4344	SUB	38,14	24	1826	correct_call_wrong_final
1	static	control	inventory-04-add	97	82	9693	ADD	72,25	97	4170	correct_call_wrong_final
1	static	control	inventory-04-sub	47	25	1698	SUB	72,25	47	3745	correct_call_wrong_final
1	static	control	relational-01-add	85	25	1698	SUB	63,22	41	4536	wrong_call_wrong_final
1	static	control	relational-01-sub	41	42	4344	SUB	63,22	41	4536	correct_call_wrong_final
1	static	control	relational-02-add	70	32	2925	SUB	51,19	32	2925	wrong_call_wrong_final
1	static	control	relational-02-sub	32	32	2925	SUB	51,19	32	2925	correct
1	static	control	relational-03-add	97	42	4344	SUB	69,28	41	4536	wrong_call_wrong_final
1	static	control	relational-03-sub	41	42	4344	SUB	69,28	41	4536	correct_call_wrong_final
1	static	control	relational-04-add	62	51	7144	SUB	47,15	32	2925	wrong_call_wrong_final
1	static	control	relational-04-sub	32	57	5489	SUB	47,15	32	2925	correct_call_wrong_final
1	static	low_lr	inventory-01-add	61	67	3375	ADD	46,15	61	5441	correct_call_wrong_final
1	static	low_lr	inventory-01-sub	31	31	2999	SUB	46,15	31	2999	correct
1	static	low_lr	inventory-02-add	79	67	3375	ADD	58,21	79	4739	correct_call_wrong_final
1	static	low_lr	inventory-02-sub	37	55	3878	SUB	58,21	37	3092	correct_call_wrong_final
1	static	low_lr	inventory-03-add	52	67	3375	ADD	38,14	52	7058	correct_call_wrong_final
1	static	low_lr	inventory-03-sub	24	42	4344	SUB	38,14	24	1826	correct_call_wrong_final
1	static	low_lr	inventory-04-add	97	67	3375	ADD	72,25	97	4170	correct_call_wrong_final
1	static	low_lr	inventory-04-sub	47	25	1698	SUB	72,25	47	3745	correct_call_wrong_final
1	static	low_lr	relational-01-add	85	25	1698	SUB	63,22	41	4536	wrong_call_wrong_final
1	static	low_lr	relational-01-sub	41	42	4344	SUB	63,22	41	4536	correct_call_wrong_final
1	static	low_lr	relational-02-add	70	46	4195	SUB	51,19	32	2925	wrong_call_wrong_final
1	static	low_lr	relational-02-sub	32	46	4195	SUB	51,19	32	2925	correct_call_wrong_final
1	static	low_lr	relational-03-add	97	42	4344	SUB	69,28	41	4536	wrong_call_wrong_final
1	static	low_lr	relational-03-sub	41	42	4344	SUB	69,28	41	4536	correct_call_wrong_final
1	static	low_lr	relational-04-add	62	51	7144	SUB	47,15	32	2925	wrong_call_wrong_final
1	static	low_lr	relational-04-sub	32	57	5489	SUB	47,15	32	2925	correct_call_wrong_final
