kind,n,n_short,n_yes_no,short_chars_max,short_chars_mean,short_chars_p50,short_chars_p90,short_gt8chars_share,short_novel_word_share,short_sub_para_ci,short_sub_q_ci,short_sub_src_ci,short_sub_src_cs,short_words_max,short_words_mean,short_words_p50,yn_share
ability,2804,1667,1137,22,5.413,5.0,8.0,0.0708,0.0,0.9826,0.0072,0.9922,0.9916,5,1.203,1.0,0.4055
agent_action,3074,1667,1407,25,5.167,5.0,7.0,0.0456,0.0024,0.97,0.0036,0.991,0.9904,5,1.127,1.0,0.4577
best_friend,2810,1667,1143,31,6.928,6.0,10.0,0.1782,0.0078,0.9556,0.0396,0.9736,0.9712,6,1.66,2.0,0.4068
caretaker,1601,383,1218,32,9.859,8.0,18.0,0.3995,0.0052,0.7415,0.0157,0.9399,0.9164,6,2.227,2.0,0.7608
category_member,2794,1127,1667,21,6.256,6.0,10.0,0.173,0.0071,0.8997,0.0692,0.9059,0.8598,4,1.421,1.0,0.5966
choice_pick,3274,1607,1667,24,6.933,5.0,14.0,0.2271,0.0044,0.9801,0.0106,0.9838,0.9826,5,1.575,1.0,0.5092
clothing,3156,1667,1489,31,5.441,5.0,8.0,0.0786,0.0006,0.9904,0.0012,0.9952,0.9916,6,1.181,1.0,0.4718
companion_with,2388,1064,1324,32,9.386,8.0,15.0,0.375,0.0094,0.8167,0.0113,0.9831,0.9314,7,2.165,2.0,0.5544
comparative_direction,3008,1353,1655,28,8.585,8.0,14.0,0.4006,0.003,0.9364,0.037,0.9069,0.864,5,1.941,2.0,0.5502
container_contents,2531,864,1667,20,6.571,7.0,9.0,0.1215,0.0023,0.9468,0.0093,0.9514,0.9444,5,1.302,1.0,0.6586
creator,2084,843,1241,32,9.587,8.0,17.0,0.4176,0.0024,0.8458,0.0071,0.9597,0.949,7,2.316,2.0,0.5955
dislike,2504,837,1667,18,5.436,5.0,8.0,0.0824,0.0024,0.9785,0.0096,0.9869,0.9833,4,1.204,1.0,0.6657
event_ordering,2970,1667,1303,22,5.777,5.0,9.0,0.1128,0.0054,0.961,0.0144,0.9826,0.9658,4,1.265,1.0,0.4387
explicit_negation_with_positive_alternative,3221,1554,1667,27,6.423,5.0,10.0,0.1609,0.0058,0.9627,0.0257,0.9775,0.962,5,1.46,1.0,0.5175
fact_yes_no,2830,1667,1163,23,5.29,5.0,7.0,0.0642,0.0012,0.9748,0.0108,0.991,0.9868,5,1.142,1.0,0.411
family_relation,3234,1667,1567,26,7.328,7.0,10.0,0.1884,0.0018,0.9688,0.0192,0.9898,0.9874,6,1.829,2.0,0.4845
fear,2408,1008,1400,21,5.559,5.0,9.0,0.1022,0.003,0.9732,0.0347,0.9851,0.9831,5,1.209,1.0,0.5814
feeling_state,3012,1345,1667,22,6.667,6.0,10.0,0.1896,0.0082,0.9316,0.003,0.9874,0.9829,5,1.452,1.0,0.5535
forgot,2947,1408,1539,22,5.536,5.0,8.0,0.0739,0.0007,0.9801,0.0085,0.9822,0.9815,5,1.251,1.0,0.5222
found_item,3334,1667,1667,21,4.882,5.0,7.0,0.0252,0.0,0.9946,0.0,0.9964,0.994,5,1.073,1.0,0.5
game_played,2994,1616,1378,22,10.672,13.0,15.0,0.63,0.0031,0.9412,0.0173,0.9771,0.9728,5,2.291,3.0,0.4603
giver_recipient_roles,2980,1667,1313,18,4.837,5.0,6.0,0.021,0.0,0.9952,0.0108,0.9976,0.9958,3,1.067,1.0,0.4406
goal_want,2947,1346,1601,25,5.648,5.0,9.0,0.1077,0.0037,0.9614,0.023,0.9733,0.9614,5,1.25,1.0,0.5433
habit,2368,1025,1343,28,8.622,8.0,14.0,0.3376,0.0039,0.8312,0.0527,0.9893,0.9873,6,1.989,2.0,0.5671
helper,2926,1667,1259,29,7.749,7.0,14.0,0.2196,0.0036,0.913,0.0126,0.9724,0.958,5,1.835,2.0,0.4303
hobby,2833,1166,1667,22,5.324,5.0,7.0,0.0386,0.0009,0.9708,0.0154,0.994,0.9923,4,1.066,1.0,0.5884
if_then,2380,828,1552,22,6.135,5.0,11.3,0.1498,0.0012,0.9722,0.0181,0.9964,0.9891,5,1.347,1.0,0.6521
joiner,2701,1034,1667,27,8.422,8.0,14.0,0.3201,0.0155,0.9139,0.0193,0.9623,0.9468,5,1.973,2.0,0.6172
language_spoken,2958,1667,1291,20,7.326,6.0,14.0,0.2466,0.003,0.9478,0.0492,0.9622,0.9586,5,1.529,1.0,0.4364
learned,3201,1667,1534,20,5.259,5.0,8.0,0.0534,0.0006,0.9844,0.0054,0.991,0.9898,5,1.182,1.0,0.4792
like_best,2972,1582,1390,24,7.216,7.0,10.0,0.2686,0.0076,0.9627,0.0221,0.9703,0.9621,5,1.452,1.0,0.4677
loser,2786,1556,1230,23,6.671,6.0,10.0,0.1536,0.0039,0.9595,0.0045,0.9852,0.9826,4,1.562,1.0,0.4415
lost_item,3104,1667,1437,21,5.034,5.0,7.0,0.0222,0.0,0.9904,0.0024,0.9946,0.991,5,1.138,1.0,0.463
named_after,3090,1667,1423,25,6.72,6.0,11.0,0.186,0.0102,0.9274,0.078,0.9592,0.949,6,1.57,1.0,0.4605
naming,2866,1667,1199,21,5.686,5.0,8.0,0.096,0.003,0.9604,0.0306,0.9682,0.9604,5,1.247,1.0,0.4184
neighbor,2975,1667,1308,24,7.991,8.0,10.0,0.2298,0.0012,0.9652,0.0144,0.985,0.9808,6,2.031,2.0,0.4397
object_eaten,3156,1489,1667,22,6.044,5.0,10.0,0.131,0.0208,0.9396,0.0081,0.9382,0.9355,5,1.34,1.0,0.5282
object_made,3234,1667,1567,27,5.305,5.0,8.0,0.0666,0.0006,0.9808,0.0018,0.9892,0.9892,6,1.155,1.0,0.4845
object_read,3234,1667,1567,19,5.816,5.0,12.0,0.126,0.0018,0.985,0.006,0.982,0.9808,3,1.273,1.0,0.4845
occupation,3292,1625,1667,25,6.017,5.0,10.0,0.2049,0.0031,0.8874,0.0345,0.9182,0.8818,5,1.271,1.0,0.5064
opponent,3124,1505,1619,30,8.583,8.0,14.0,0.3103,0.0066,0.9282,0.0186,0.9787,0.9694,7,2.09,2.0,0.5182
owner_possession,3036,1667,1369,30,7.037,7.0,9.0,0.1434,0.0012,0.9598,0.012,0.976,0.9664,7,1.808,2.0,0.4509
part_whole,2687,1020,1667,21,8.008,7.0,14.0,0.2755,0.0176,0.7108,0.0324,0.7088,0.7059,5,1.9,2.0,0.6204
patient_target,2728,1151,1577,26,8.531,8.0,12.0,0.258,0.0148,0.8758,0.0043,0.9444,0.9366,6,2.098,2.0,0.5781
permission,3151,1625,1526,32,7.725,7.0,10.0,0.2222,0.0018,0.9391,0.0135,0.9822,0.9698,7,1.937,2.0,0.4843
plan_next,2594,995,1599,19,6.045,5.0,10.0,0.1377,0.0101,0.9397,0.0161,0.9749,0.9407,5,1.361,1.0,0.6164
pronoun_reference,3016,1667,1349,26,7.325,7.0,11.0,0.198,0.0036,0.9556,0.015,0.9796,0.9742,6,1.807,2.0,0.4473
replacement,2389,1355,1034,26,6.927,6.0,11.0,0.2148,0.0037,0.8923,0.0162,0.9011,0.8686,4,1.642,2.0,0.4328
role_in_play,2849,1390,1459,27,7.595,7.0,13.0,0.2353,0.0043,0.9388,0.0201,0.9576,0.9532,6,1.793,2.0,0.5121
rule_must,2529,1138,1391,27,9.481,8.0,15.0,0.4666,0.0026,0.9016,0.0097,0.9842,0.9605,5,2.064,2.0,0.55
search_for,3122,1667,1455,20,4.996,5.0,7.0,0.0252,0.0018,0.9934,0.0006,0.9946,0.988,5,1.122,1.0,0.466
teacher_of,2394,981,1413,32,7.809,7.0,14.0,0.2691,0.0234,0.84,0.0061,0.9562,0.9511,5,1.717,2.0,0.5902
team_member,3122,1455,1667,23,9.275,8.0,15.0,0.4756,0.0048,0.9608,0.0619,0.9814,0.9739,5,2.02,2.0,0.534
title_role,2657,1667,990,22,5.53,5.0,8.0,0.078,0.0,0.9256,0.0024,0.9958,0.9682,4,1.164,1.0,0.3726
topic_about,3049,1382,1667,21,6.329,5.0,13.0,0.1729,0.0022,0.9486,0.0275,0.9624,0.9609,5,1.387,1.0,0.5467
two_simple_relations_combined,2805,1138,1667,22,6.82,6.0,12.0,0.2083,0.0062,0.9297,0.0237,0.9288,0.9112,5,1.563,1.0,0.5943
unambiguous_descriptive_reference,2889,1222,1667,27,7.525,7.0,10.0,0.207,0.0065,0.9149,0.0082,0.9321,0.9231,5,1.876,2.0,0.577
visitor,2874,1583,1291,25,7.93,8.0,11.0,0.2596,0.0126,0.9305,0.0088,0.969,0.9653,5,1.939,2.0,0.4492
winner,3081,1663,1418,25,7.329,6.0,14.0,0.2279,0.0018,0.9753,0.0072,0.9844,0.9838,5,1.687,2.0,0.4602
wish,2863,1196,1667,20,5.918,5.0,9.0,0.107,0.0042,0.964,0.01,0.9783,0.9766,5,1.371,1.0,0.5823
