id	group	verdict	text	expect	stored	reply
C001	cover	OK	The author of Dune is Herbert.	["Dune", "author", "Herbert"]	[["Dune", "author", "Herbert"]]	Saved: Dune's author is Herbert.

C002	cover	OK	The capital of Peru is Lima.	["Peru", "capital", "Lima"]	[["Peru", "capital", "Lima"]]	Saved: Peru's capital is Lima.

C003	cover	OK	The chairperson of Acme is Dana.	["Acme", "chairperson", "Dana"]	[["Acme", "chairperson", "Dana"]]	Saved: Acme's chairperson is Dana.

C004	cover	OK	The chief executive officer of Initech is Eve.	["Initech", "chief_executive_officer", "Eve"]	[["Initech", "chief_executive_officer", "Eve"]]	Saved: Initech's chief_executive_officer is Eve.

C005	cover	OK	The company that produced Widget is Initech.	["Widget", "manufacturer", "Initech"]	[["Widget", "manufacturer", "Initech"]]	Saved: Widget's manufacturer is Initech.

C006	cover	OK	The headquarters of Initech is located in the city of Reno.	["Initech", "headquarters_location", "Reno"]	[["Initech", "headquarters_location", "Reno"]]	Saved: Initech's headquarters_location is Reno.

C007	cover	OK	The name of the current head of state in Peru is Sol.	["Peru", "head_of_state", "Sol"]	[["Peru", "head_of_state", "Sol"]]	Saved: Peru's head_of_state is Sol.

C008	cover	OK	The name of the current head of the Peruvian government is Luz.	["Peruvian", "head_of_government", "Luz"]	[["Peruvian", "head_of_government", "Luz"]]	Saved: Peruvian's head_of_government is Luz.

C009	cover	OK	The official language of Peru is Spanish.	["Peru", "official_language", "Spanish"]	[["Peru", "official_language", "Spanish"]]	Saved: Peru's official_language is Spanish.

C010	cover	OK	The type of music that Mira plays is Jazz.	["Mira", "genre", "Jazz"]	[["Mira", "genre", "Jazz"]]	Saved: Mira's genre is Jazz.

C011	cover	OK	The univeristy where Tom was educated is Yale.	["Tom", "educated_at", "Yale"]	[["Tom", "educated_at", "Yale"]]	Saved: Tom's educated_at is Yale.

C012	cover	OK	Elvis died in the city of Memphis.	["Elvis", "place_of_death", "Memphis"]	[["Elvis", "place_of_death", "Memphis"]]	Saved: Elvis's place_of_death is Memphis.

C013	cover	OK	Kip Dune is a citizen of Peru.	["Kip Dune", "country_of_citizenship", "Peru"]	[["Kip Dune", "country_of_citizenship", "Peru"]]	Saved: Kip Dune's country_of_citizenship is Peru.

C014	cover	OK	Tom is affiliated with the religion of Buddhism.	["Tom", "religion_or_worldview", "Buddhism"]	[["Tom", "religion_or_worldview", "Buddhism"]]	Saved: Tom's religion_or_worldview is Buddhism.

C015	cover	OK	Tom is associated with the sport of Tennis.	["Tom", "sport", "Tennis"]	[["Tom", "sport", "Tennis"]]	Saved: Tom's sport is Tennis.

C016	cover	OK	Mira is famous for Belonging.	["Mira", "notable_work", "Belonging"]	[["Mira", "notable_work", "Belonging"]]	Saved: Mira's notable_work is Belonging.

C017	cover	OK	Peru is located in the continent of Atlantis.	["Peru", "continent", "Atlantis"]	[["Peru", "continent", "Atlantis"]]	Saved: Peru's continent is Atlantis.

C018	cover	OK	Tom is married to Ann.	["Tom", "spouse", "Ann"]	[["Tom", "spouse", "Ann"]]	Saved: Tom's spouse is Ann.

C019	cover	OK	Mira is the apprentice of Bob.	["Mira", "apprentice_of", "Bob"]	[["Mira", "apprentice_of", "Bob"]]	Saved: Mira's apprentice_of is Bob.

C020	cover	OK	Mira is the author of Belonging.	["Mira", "author_of", "Belonging"]	[["Mira", "author_of", "Belonging"]]	Saved: Mira's author_of is Belonging.

C021	cover	OK	Mira is the composer of Requiem.	["Mira", "composer_of", "Requiem"]	[["Mira", "composer_of", "Requiem"]]	Saved: Mira's composer_of is Requiem.

C022	cover	OK	Mira is the discoverer of Xray.	["Mira", "discoverer_of", "Xray"]	[["Mira", "discoverer_of", "Xray"]]	Saved: Mira's discoverer_of is Xray.

C023	cover	OK	Mira is the envoy of Peru.	["Mira", "envoy_of", "Peru"]	[["Mira", "envoy_of", "Peru"]]	Saved: Mira's envoy_of is Peru.

C024	cover	OK	Mira is the founder of Initech.	["Mira", "founder_of", "Initech"]	[["Mira", "founder_of", "Initech"]]	Saved: Mira's founder_of is Initech.

C025	cover	OK	Mira is the herald of Dawn.	["Mira", "herald_of", "Dawn"]	[["Mira", "herald_of", "Dawn"]]	Saved: Mira's herald_of is Dawn.

C026	cover	OK	Mira is the inventor of Phone.	["Mira", "inventor_of", "Phone"]	[["Mira", "inventor_of", "Phone"]]	Saved: Mira's inventor_of is Phone.

C027	cover	OK	Mira is the keeper of Keys.	["Mira", "keeper_of", "Keys"]	[["Mira", "keeper_of", "Keys"]]	Saved: Mira's keeper_of is Keys.

C028	cover	OK	Mira is the mentor of Tom.	["Mira", "mentor_of", "Tom"]	[["Mira", "mentor_of", "Tom"]]	Saved: Mira's mentor_of is Tom.

C029	cover	OK	Mira is the rival of Sue.	["Mira", "rival_of", "Sue"]	[["Mira", "rival_of", "Sue"]]	Saved: Mira's rival_of is Sue.

C030	cover	OK	Mira is the scout of Reno.	["Mira", "scout_of", "Reno"]	[["Mira", "scout_of", "Reno"]]	Saved: Mira's scout_of is Reno.

C031	cover	OK	Mira is the warden of Yale.	["Mira", "warden_of", "Yale"]	[["Mira", "warden_of", "Yale"]]	Saved: Mira's warden_of is Yale.

C032	cover	OK	Tom plays the position of Goalie.	["Tom", "position_played_on_team_speciality", "Goalie"]	[["Tom", "position_played_on_team_speciality", "Goalie"]]	Saved: Tom's position_played_on_team_speciality is Goalie.

C033	cover	OK	Tom speaks the language of French.	["Tom", "languages_spoken_written_or_signed", "French"]	[["Tom", "languages_spoken_written_or_signed", "French"]]	Saved: Tom's languages_spoken_written_or_signed is French.

C034	cover	OK	Tom was born in the city of Lyon.	["Tom", "place_of_birth", "Lyon"]	[["Tom", "place_of_birth", "Lyon"]]	Saved: Tom's place_of_birth is Lyon.

C035	cover	OK	Requiem was composed by Mozart.	["Requiem", "composed_by", "Mozart"]	[["Requiem", "composed_by", "Mozart"]]	Saved: Requiem's composed_by is Mozart.

C036	cover	OK	Mug was created by Ann.	["Mug", "creator", "Ann"]	[["Mug", "creator", "Ann"]]	Saved: Mug's creator is Ann.

C037	cover	OK	Chess was created in the country of India.	["Chess", "country_of_origin", "India"]	[["Chess", "country_of_origin", "India"]]	Saved: Chess's country_of_origin is India.

C038	cover	OK	Engine was developed by Initech.	["Engine", "developer", "Initech"]	[["Engine", "developer", "Initech"]]	Saved: Engine's developer is Initech.

C039	cover	OK	Xray was discovered by Curie.	["Xray", "discovered_by", "Curie"]	[["Xray", "discovered_by", "Curie"]]	Saved: Xray's discovered_by is Curie.

C040	cover	OK	Initech was founded by Dana.	["Initech", "founded_by", "Dana"]	[["Initech", "founded_by", "Dana"]]	Saved: Initech's founded_by is Dana.

C041	cover	OK	Band was founded in the city of Reno.	["Band", "location_of_formation", "Reno"]	[["Band", "location_of_formation", "Reno"]]	Saved: Band's location_of_formation is Reno.

C042	cover	OK	Phone was invented by Bell.	["Phone", "invented_by", "Bell"]	[["Phone", "invented_by", "Bell"]]	Saved: Phone's invented_by is Bell.

C043	cover	OK	Song was performed by Mira.	["Song", "performer", "Mira"]	[["Song", "performer", "Mira"]]	Saved: Song's performer is Mira.

C044	cover	OK	Novel was written by Hugo.	["Novel", "written_by", "Hugo"]	[["Novel", "written_by", "Hugo"]]	Saved: Novel's written_by is Hugo.

C045	cover	OK	Tom worked in the city of Reno.	["Tom", "work_location", "Reno"]	[["Tom", "work_location", "Reno"]]	Saved: Tom's work_location is Reno.

C046	cover	OK	The President of Peru is Sol.	["President of Peru", "officeholder", "Sol"]	[["President of Peru", "officeholder", "Sol"]]	Saved: President of Peru's officeholder is Sol.

C047	cover	OK	Tom is employed by Initech.	["Tom", "employer", "Initech"]	[["Tom", "employer", "Initech"]]	Saved: Tom's employer is Initech.

C048	cover	OK	Tom works in the field of Medicine.	["Tom", "occupation", "Medicine"]	[["Tom", "occupation", "Medicine"]]	Saved: Tom's occupation is Medicine.

C049	cover	OK	Novel was written in the language of French.	["Novel", "language_of_work_or_name", "French"]	[["Novel", "language_of_work_or_name", "French"]]	Saved: Novel's language_of_work_or_name is French.

C050	cover	OK	Ann's child is Bob.	["Ann", "child", "Bob"]	[["Ann", "child", "Bob"]]	Saved: Ann's child is Bob.

C051	cover	WRONG-WRITE	The head coach of Reno is Pat.	["Reno", "head_coach", "Pat"]	[["head coach of Reno", "officeholder", "Pat"]]	Saved: head coach of Reno's officeholder is Pat.

C052	cover	WRONG-WRITE	The origianl broadcaster of Show is Nbc.	["Show", "original_broadcaster", "Nbc"]	[["origianl broadcaster of Show", "officeholder", "Nbc"]]	Saved: origianl broadcaster of Show's officeholder is Nbc.

C053	cover	WRONG-WRITE	The director of Film is Ava.	["Film", "director_manager", "Ava"]	[["director of Film", "officeholder", "Ava"]]	Saved: director of Film's officeholder is Ava.

C054	cover	OK	Mira's city is Lisbon.	["Mira", "city", "Lisbon"]	[["Mira", "city", "Lisbon"]]	Saved: Mira's city is Lisbon.

C055	cover	OK	Tom's pet is Rex	["Tom", "pet", "Rex"]	[["Tom", "pet", "Rex"]]	Saved: Tom's pet is Rex.

C056	cover	OK	  Tom's   city   is   Rome.  	["Tom", "city", "Rome"]	[["Tom", "city", "Rome"]]	Saved: Tom's city is Rome.

C057	cover	OK	Dune's author is Herbert.	["Dune", "author", "Herbert"]	[["Dune", "author", "Herbert"]]	Saved: Dune's author is Herbert.

C058	cover	OK	Tom’s city is Oslo.	["Tom", "city", "Oslo"]	[["Tom", "city", "Oslo"]]	Saved: Tom's city is Oslo.

C059	cover	OK	Zoë's city is Lyon.	["Zoë", "city", "Lyon"]	[["Zoë", "city", "Lyon"]]	Saved: Zoë's city is Lyon.

C060	cover	OK	Tom's city is Rome!	["Tom", "city", "Rome"]	[["Tom", "city", "Rome"]]	Saved: Tom's city is Rome.

C061	cover	OK	Tom was born in the city of Lyon in 1999.	["Tom", "place_of_birth", "Lyon"]	[["Tom", "place_of_birth", "Lyon"]]	Saved: Tom's place_of_birth is Lyon.

C062	cover	OK	Tom's city is Rome since 1999.	["Tom", "city", "Rome"]	[["Tom", "city", "Rome"]]	Saved: Tom's city is Rome.

C063	chit	WRONG-WRITE	The weather is nice.	"nowrite"	[["weather", "officeholder", "nice"]]	Saved: weather's officeholder is nice.

C064	chit	OK	I think Tom is tired.	"nowrite"	[]	I didn't understand that. Could you say it another way?

C065	chit	OK	Ann is happy today.	"nowrite"	[]	I didn't understand that. Could you say it another way?

C066	chit	OK	Tom is tired.	"nowrite"	[]	I didn't understand that. Could you say it another way?

C067	chit	OK	The movie was great.	"nowrite"	[]	I didn't understand that. Could you say it another way?

C068	chit	OK	I like pizza.	"nowrite"	[]	I didn't understand that. Could you say it another way?

C069	chit	OK	Tom is the best.	"nowrite"	[]	I didn't understand that. Could you say it another way?

C070	chit	WRONG-WRITE	The meeting is at noon.	"nowrite"	[["meeting", "officeholder", "at noon"]]	Saved: meeting's officeholder is at noon.

C071	neg	OK	Tom is not a citizen of Peru.	"nowrite"	[]	I didn't understand that. Could you say it another way?

C072	neg	WRONG-WRITE	Mira's city is not Lisbon.	"nowrite"	[["Mira", "city", "not Lisbon"]]	Saved: Mira's city is not Lisbon.

C073	neg	OK	Tom was not born in Lyon.	"nowrite"	[]	I didn't understand that. Could you say it another way?

C074	neg	OK	Ann is never late.	"nowrite"	[]	I didn't understand that. Could you say it another way?

C075	neg	WRONG-WRITE	The capital of Peru is not Lima.	"nowrite"	[["Peru", "capital", "not Lima"]]	Saved: Peru's capital is not Lima.

C076	q	OK	Is Tom French?	"nowrite"	[]	I didn't understand that. Could you say it another way?

C077	q	OK	Tom's boss is Bob?	"nowrite"	[]	Was that a question?

C078	q	OK	Who is Tom's boss	"nowrite"	[]	I don't know anyone called Tom.

C079	q	OK	What is the capital of Peru.	"nowrite"	[]	I didn't understand that. Could you say it another way?

C080	q	OK	Tom is French, isn't he.	"nowrite"	[]	I didn't understand that. Could you say it another way?

C081	hedge	OK	Maybe Tom's boss is Ann.	"nowrite"	[]	I didn't understand that. Could you say it another way?

C082	hedge	WRONG-WRITE	Tom's boss is probably Ann.	"nowrite"	[["Tom", "boss", "probably Ann"]]	Saved: Tom's boss is probably Ann.

C083	hedge	OK	I think Tom's city is Rome.	"nowrite"	[]	I didn't understand that. Could you say it another way?

C084	hedge	OK	Tom might be French.	"nowrite"	[]	I didn't understand that. Could you say it another way?

C085	hedge	OK	Perhaps the capital of Peru is Lima.	"nowrite"	[]	I didn't understand that. Could you say it another way?

C086	hedge	WRONG-WRITE	Tom's city is maybe Rome.	"nowrite"	[["Tom", "city", "maybe Rome"]]	Saved: Tom's city is maybe Rome.

C087	hyp	OK	If Tom were French, Ann would be happy.	"nowrite"	[]	I didn't understand that. Could you say it another way?

C088	hyp	OK	If Mira's city were Lisbon, Tom would visit.	"nowrite"	[]	I didn't understand that. Could you say it another way?

C089	hyp	OK	Suppose Tom's boss is Ann.	"nowrite"	[]	I didn't understand that. Could you say it another way?

C090	hyp	OK	Imagine the capital of Peru is Lima.	"nowrite"	[]	I didn't understand that. Could you say it another way?

C091	hyp	OK	What if Tom's city is Rome.	"nowrite"	[]	I didn't understand that. Could you say it another way?

C092	plur	OK	Tom and Ann are citizens of Peru.	"nowrite"	[]	I didn't understand that. Could you say it another way?

C093	plur	OK	Tom's cities are Rome and Paris.	"nowrite"	[]	I didn't understand that. Could you say it another way?

C094	plur	OK	Mira's city is Lisbon and Tom's pet is Rex.	"nowrite"	[]	I can take one fact at a time — could you split that?

C095	plur	OK	Tom's boss is Bob and Ann's boss is Sue.	"nowrite"	[]	I can take one fact at a time — could you split that?

C096	plur	OK	The capital of Peru is Lima; the capital of Chile is Santiago.	"nowrite"	[]	I can take one fact at a time — could you split that?

C097	plur	OK	Tom, Ann and Sue are friends.	"nowrite"	[]	I didn't understand that. Could you say it another way?

C098	rep	OK	Ann said Tom's boss is Bob.	"nowrite"	[]	I didn't understand that. Could you say it another way?

C099	rep	OK	Tom's boss is Bob, Ann said.	"nowrite"	[]	Do you know that yourself, or did you hear it somewhere? I only save facts you tell me directly.

C100	rep	OK	According to Ann, Tom's city is Rome.	"nowrite"	[]	Do you know that yourself, or did you hear it somewhere? I only save facts you tell me directly.

C101	rep	OK	I heard Tom's city is Rome.	"nowrite"	[]	Do you know that yourself, or did you hear it somewhere? I only save facts you tell me directly.

C102	rep	OK	Apparently Tom is French.	"nowrite"	[]	Do you know that yourself, or did you hear it somewhere? I only save facts you tell me directly.

C103	rep	OK	Tom's teacher is Ann, reportedly.	"nowrite"	[]	Do you know that yourself, or did you hear it somewhere? I only save facts you tell me directly.

C104	corr	OK	No, Tom's city is Rome.	["Tom", "city", "Rome"]	[["Tom", "city", "Rome"]]	Saved: Tom's city is Rome.

C105	corr	OK	Actually, the capital of Peru is Lima.	["Peru", "capital", "Lima"]	[["Peru", "capital", "Lima"]]	Saved: Peru's capital is Lima.

C106	corr	MISSED	Sorry, I meant Mira's pet is Rex.	["Mira", "pet", "Rex"]	[]	I didn't understand that. Could you say it another way?

C107	corr	OK	Correction: Ann is married to Bob.	["Ann", "spouse", "Bob"]	[["Ann", "spouse", "Bob"]]	Saved: Ann's spouse is Bob.

C108	val	OK	Tom's code is 42.	["Tom", "code", "42"]	[["Tom", "code", "42"]]	Saved: Tom's code is 42.

C109	val	OK	Tom's birthday is 1999.	["Tom", "birthday", "1999"]	[["Tom", "birthday", "1999"]]	Saved: Tom's birthday is 1999.

C110	val	OK	Tom's title is King of Rome.	["Tom", "title", "King of Rome"]	[["Tom", "title", "King of Rome"]]	Saved: Tom's title is King of Rome.

C111	val	OK	Tom's city is rome.	["Tom", "city", "rome"]	[["Tom", "city", "rome"]]	Saved: Tom's city is rome.

C112	val	OK	The headquarters of Initech is located in the city of Washington, D.C..	["Initech", "headquarters_location", "Washington, D.C."]	[["Initech", "headquarters_location", "Washington, D.C."]]	Saved: Initech's headquarters_location is Washington, D.C..

C113	val	OK	Mary Ann's child is Bob.	["Mary Ann", "child", "Bob"]	[["Mary Ann", "child", "Bob"]]	Saved: Mary Ann's child is Bob.

C114	low	OK	tom's city is rome.	["tom", "city", "rome"]	[["tom", "city", "rome"]]	Saved: tom's city is rome.

C115	low	MISSED	the capital of peru is lima.	["peru", "capital", "lima"]	[]	I didn't understand that. Could you say it another way?

C116	low	OK	mira is married to bob.	["mira", "spouse", "bob"]	[["mira", "spouse", "bob"]]	Saved: mira's spouse is bob.

C117	emo	WRONG-WRITE	Tom's city is Rome 😀	["Tom", "city", "Rome"]	[["Tom", "city", "Rome 😀"]]	Saved: Tom's city is Rome 😀.

C118	emo	WRONG-WRITE	The capital of Peru is Lima 🎉	["Peru", "capital", "Lima"]	[["Peru", "capital", "Lima 🎉"]]	Saved: Peru's capital is Lima 🎉.

C119	emo	WRONG-WRITE	Mira is married to Bob ❤️	["Mira", "spouse", "Bob"]	[["Mira", "spouse", "Bob ❤️"]]	Saved: Mira's spouse is Bob ❤️.

C120	multi	OK	Tom's city is Rome. Ann's city is Paris.	"nowrite"	[]	I can take one fact at a time — could you split that?

C121	multi	OK	The capital of Peru is Lima. It is sunny.	"nowrite"	[]	I can take one fact at a time — could you split that?

C122	multi	OK	Hi. Tom's boss is Ann.	"nowrite"	[]	I didn't understand that. Could you say it another way?

C123	multi	WRONG-WRITE	Tom's city is Rome. Thanks!	"nowrite"	[["Tom", "city", "Rome. Thanks"]]	Saved: Tom's city is Rome. Thanks.

C124	known	WRONG-WRITE	The mother of Ann is Sue.	"nowrite"	[["mother of Ann", "officeholder", "Sue"]]	Saved: mother of Ann's officeholder is Sue.

C125	known	MISSED	Dara Fenn's city is Lyon.	["Dara Fenn", "city", "Lyon"]	[]	I didn't understand that. Could you say it another way?

C126	known	WRONG-WRITE	Kip Dune is a citizen of Peru."	["Kip Dune", "country_of_citizenship", "Peru"]	[["Kip Dune", "country_of_citizenship", "Peru.\""]]	Saved: Kip Dune's country_of_citizenship is Peru.".

C127	misc	WRONG-WRITE	The father of Bob is Ted.	"nowrite"	[["father of Bob", "officeholder", "Ted"]]	Saved: father of Bob's officeholder is Ted.

C128	misc	WRONG-WRITE	The CEO of Initech is Eve.	"nowrite"	[["CEO of Initech", "officeholder", "Eve"]]	Saved: CEO of Initech's officeholder is Eve.

C129	misc	WRONG-WRITE	The boss of Tom is Ann.	"nowrite"	[["boss of Tom", "officeholder", "Ann"]]	Saved: boss of Tom's officeholder is Ann.

C130	misc	MISSED	Mary Kay's pet is Rex.	["Mary Kay", "pet", "Rex"]	[]	I didn't understand that. Could you say it another way?

C131	misc	MISSED	"The capital of Peru is Lima."	["Peru", "capital", "Lima"]	[]	I didn't understand that. Could you say it another way?

C132	misc	OK	Tom's city is 'Rome'.	["Tom", "city", "Rome"]	[["Tom", "city", "Rome"]]	Saved: Tom's city is Rome.

C133	misc	OK	Tom's boss's boss is Ann.	"nowrite"	[]	I didn't understand that. Could you say it another way?

C134	misc	OK	Dune's author is Herbert.	["Dune", "author", "Herbert"]	[["Dune", "author", "Herbert"]]	Saved: Dune's author is Herbert.

C135	misc	WRONG-WRITE	Tom is a citizen of Peru and Ann.	"nowrite"	[["Tom", "country_of_citizenship", "Peru and Ann"]]	Saved: Tom's country_of_citizenship is Peru and Ann.

C136	misc	WRONG-WRITE	Tom's boss is Ann and Sue.	"nowrite"	[["Tom", "boss", "Ann and Sue"]]	Saved: Tom's boss is Ann and Sue.

C137	misc	OK	Tom's city is.	"nowrite"	[]	I didn't understand that. Could you say it another way?

C138	misc	OK	Tom's mood is ...	"nowrite"	[]	I didn't understand that. Could you say it another way?

C139	misc	OK	   	"nowrite"	[]	I didn't catch anything.

C140	misc	WRONG-WRITE	Tom's city is Washington, D.C..	["Tom", "city", "Washington, D.C."]	[["Tom", "city", "Washington, D.C"]]	Saved: Tom's city is Washington, D.C.

C141	misc	OK	Tom's friends are Ann and Sue.	"nowrite"	[]	I didn't understand that. Could you say it another way?

C142	misc	OK	THE CAPITAL OF PERU IS LIMA.	"nowrite"	[]	I didn't understand that. Could you say it another way?

C143	misc	OK	Tom's city is Rome!!!	["Tom", "city", "Rome"]	[["Tom", "city", "Rome"]]	Saved: Tom's city is Rome.

C144	misc	OK	Tom's boss is Ann and Sue are friends.	"nowrite"	[]	I can take one fact at a time — could you split that?

C145	misc	OK	Ann's child is Bob!	["Ann", "child", "Bob"]	[["Ann", "child", "Bob"]]	Saved: Ann's child is Bob.

